episode,step,ego_speed,ttc_left,ttc_center,ttc_right,action,reward,done,truncated,crashed,trip_time
0,0,30.0,10.0,10.0,1.0,1.0,0.0,False,False,False,0.0
0,1,30.0,10.0,7.0,1.0,1.0,1.0,False,False,False,1.0
0,2,30.0,10.0,3.0,1.0,1.0,1.0,False,False,False,2.0
0,3,30.0,5.0,1.0,1.0,4.0,1.0,False,False,False,3.0
0,4,20.0,8.0,1.0,1.0,,0.33343825315253955,True,False,True,4.0
1,0,30.0,10.0,10.0,1.0,1.0,0.0,False,False,False,0.0
1,1,30.0,9.0,8.0,1.0,1.0,1.0,False,False,False,1.0
1,2,30.0,6.0,4.0,1.0,1.0,1.0,False,False,False,2.0
1,3,30.0,5.0,3.0,1.0,1.0,1.0,False,False,False,3.0
1,4,30.0,4.0,2.0,1.0,4.0,1.0,False,False,False,4.0
1,5,26.0,5.0,2.0,1.0,4.0,0.9539382352570078,False,False,False,5.0
1,6,21.0,10.0,10.0,1.0,1.0,0.9000050568533211,False,False,False,6.0
1,7,20.0,9.0,9.0,1.0,1.0,0.8907885112081384,False,False,False,7.0
1,8,20.0,10.0,1.0,10.0,,0.3336579564379263,True,False,True,8.0
2,0,30.0,10.0,10.0,1.0,1.0,0.0,False,False,False,0.0
2,1,30.0,7.0,9.0,1.0,1.0,1.0,False,False,False,1.0
2,2,30.0,4.0,6.0,1.0,1.0,1.0,False,False,False,2.0
2,3,30.0,2.0,4.0,1.0,1.0,1.0,False,False,False,3.0
2,4,30.0,1.0,3.0,1.0,1.0,1.0,False,False,False,4.0
2,5,30.0,1.0,2.0,1.0,4.0,1.0,False,False,False,5.0
2,6,26.0,4.0,2.0,1.0,4.0,0.9539382352570078,False,False,False,6.0
2,7,21.0,10.0,10.0,4.0,1.0,0.7778567632427448,False,False,False,7.0
2,8,20.0,10.0,10.0,2.0,1.0,0.7459201156104533,False,False,False,8.0
2,9,20.0,10.0,10.0,1.0,1.0,0.7196056655843699,False,False,False,9.0
2,10,20.0,10.0,10.0,1.0,1.0,0.6912021321547226,False,False,False,10.0
2,11,20.0,10.0,10.0,1.0,1.0,0.6631399293462747,False,False,False,11.0
2,12,20.0,10.0,10.0,1.0,1.0,0.8888905088922543,False,False,False,12.0
2,13,20.0,10.0,10.0,1.0,1.0,0.888889165728404,False,False,False,13.0
2,14,20.0,10.0,10.0,1.0,,0.888888936197505,True,False,False,14.0
3,0,30.0,10.0,10.0,1.0,1.0,0.0,False,False,False,0.0
3,1,30.0,7.0,9.0,1.0,1.0,1.0,False,False,False,1.0
3,2,30.0,4.0,6.0,1.0,1.0,1.0,False,False,False,2.0
3,3,30.0,3.0,4.0,1.0,1.0,1.0,False,False,False,3.0
3,4,30.0,1.0,3.0,1.0,1.0,1.0,False,False,False,4.0
3,5,30.0,1.0,2.0,1.0,4.0,1.0,False,False,False,5.0
3,6,26.0,1.0,2.0,1.0,4.0,0.9539382352570078,False,False,False,6.0
3,7,21.0,10.0,10.0,4.0,1.0,0.7778567632427448,False,False,False,7.0
3,8,20.0,10.0,10.0,2.0,1.0,0.7459201156104533,False,False,False,8.0
3,9,20.0,10.0,10.0,1.0,1.0,0.7196056655843699,False,False,False,9.0
3,10,20.0,10.0,10.0,1.0,1.0,0.6912021321547226,False,False,False,10.0
3,11,20.0,10.0,10.0,1.0,1.0,0.6622730740092541,False,False,False,11.0
3,12,20.0,10.0,10.0,1.0,1.0,0.6374836367982023,False,False,False,12.0
3,13,20.0,10.0,10.0,1.0,1.0,0.6203922662524228,False,False,False,13.0
3,14,20.0,10.0,10.0,1.0,,0.6113180620442441,True,False,False,14.0
4,0,30.0,10.0,10.0,1.0,1.0,0.0,False,False,False,0.0
4,1,30.0,10.0,7.0,1.0,1.0,1.0,False,False,False,1.0
4,2,30.0,10.0,3.0,1.0,1.0,1.0,False,False,False,2.0
4,3,30.0,5.0,1.0,1.0,4.0,1.0,False,False,False,3.0
4,4,23.0,8.0,1.0,1.0,,0.36355332412393754,True,False,True,4.0
5,0,30.0,10.0,10.0,1.0,1.0,0.0,False,False,False,0.0
5,1,30.0,10.0,6.0,1.0,1.0,1.0,False,False,False,1.0
5,2,30.0,10.0,2.0,1.0,4.0,1.0,False,False,False,2.0
5,3,26.0,10.0,2.0,1.0,4.0,0.9539382352570078,False,False,False,3.0
5,4,21.0,10.0,2.0,1.0,4.0,0.9000050568533211,False,False,False,4.0
5,5,20.0,10.0,1.0,1.0,4.0,0.8907885112081384,False,False,False,5.0
5,6,9.0,10.0,1.0,1.0,,0.21570433498469777,True,False,True,6.0
6,0,30.0,10.0,10.0,1.0,1.0,0.0,False,False,False,0.0
6,1,30.0,8.0,9.0,1.0,1.0,1.0,False,False,False,1.0
6,2,30.0,6.0,4.0,1.0,1.0,1.0,False,False,False,2.0
6,3,30.0,4.0,3.0,1.0,1.0,1.0,False,False,False,3.0
6,4,30.0,3.0,2.0,1.0,4.0,1.0,False,False,False,4.0
6,5,26.0,4.0,1.0,1.0,4.0,0.9539382352570078,False,False,False,5.0
6,6,21.0,10.0,10.0,1.0,1.0,0.9000050568533211,False,False,False,6.0
6,7,11.0,10.0,1.0,1.0,,0.23348943578038306,True,False,True,7.0
7,0,30.0,10.0,10.0,1.0,1.0,0.0,False,False,False,0.0
7,1,30.0,10.0,6.0,1.0,1.0,1.0,False,False,False,1.0
7,2,30.0,10.0,2.0,1.0,4.0,1.0,False,False,False,2.0
7,3,26.0,10.0,2.0,1.0,4.0,0.9539382352570078,False,False,False,3.0
7,4,21.0,10.0,2.0,1.0,4.0,0.9000050568533211,False,False,False,4.0
7,5,20.0,10.0,1.0,1.0,4.0,0.8907885112081384,False,False,False,5.0
7,6,13.0,10.0,1.0,1.0,,0.2584415201393032,True,False,True,6.0
8,0,30.0,10.0,10.0,1.0,1.0,0.0,False,False,False,0.0
8,1,30.0,9.0,9.0,1.0,1.0,1.0,False,False,False,1.0
8,2,30.0,5.0,6.0,1.0,1.0,1.0,False,False,False,2.0
8,3,30.0,3.0,5.0,1.0,1.0,1.0,False,False,False,3.0
8,4,30.0,2.0,4.0,1.0,1.0,1.0,False,False,False,4.0
8,5,30.0,1.0,3.0,1.0,1.0,1.0,False,False,False,5.0
8,6,30.0,1.0,2.0,1.0,4.0,1.0,False,False,False,6.0
8,7,26.0,10.0,1.0,1.0,4.0,0.8317899416464315,False,False,False,7.0
8,8,21.0,10.0,10.0,1.0,1.0,0.7551366612556359,False,False,False,8.0
8,9,20.0,10.0,10.0,1.0,1.0,0.7211806647990264,False,False,False,9.0
8,10,20.0,10.0,10.0,10.0,1.0,0.8892135119934819,False,False,False,10.0
8,11,20.0,10.0,10.0,1.0,1.0,0.8889443631581516,False,False,False,11.0
8,12,20.0,10.0,10.0,1.0,1.0,0.8888983687888303,False,False,False,12.0
8,13,20.0,10.0,10.0,1.0,1.0,0.8888905088922543,False,False,False,13.0
8,14,20.0,10.0,10.0,1.0,,0.888889165728404,True,False,False,14.0
9,0,30.0,10.0,8.0,1.0,1.0,0.0,False,False,False,0.0
9,1,30.0,9.0,9.0,1.0,1.0,1.0,False,False,False,1.0
9,2,30.0,6.0,4.0,1.0,1.0,1.0,False,False,False,2.0
9,3,30.0,4.0,3.0,1.0,1.0,1.0,False,False,False,3.0
9,4,30.0,3.0,2.0,1.0,4.0,1.0,False,False,False,4.0
9,5,26.0,4.0,2.0,1.0,4.0,0.9539382352570078,False,False,False,5.0
9,6,21.0,10.0,10.0,1.0,1.0,0.9000050568533211,False,False,False,6.0
9,7,20.0,9.0,9.0,1.0,1.0,0.8907885112081384,False,False,False,7.0
9,8,20.0,10.0,1.0,10.0,4.0,0.8892135119934819,False,False,False,8.0
9,9,8.0,10.0,1.0,10.0,,0.1958077002969574,True,False,True,9.0
10,0,30.0,9.0,10.0,1.0,1.0,0.0,False,False,False,0.0
10,1,30.0,10.0,6.0,1.0,1.0,1.0,False,False,False,1.0
10,2,30.0,10.0,2.0,1.0,4.0,1.0,False,False,False,2.0
10,3,26.0,10.0,2.0,1.0,4.0,0.9539382352570078,False,False,False,3.0
10,4,21.0,10.0,1.0,1.0,4.0,0.9000050568533211,False,False,False,4.0
10,5,19.0,10.0,1.0,1.0,,0.3205131219537305,True,False,True,5.0
11,0,30.0,10.0,10.0,1.0,1.0,0.0,False,False,False,0.0
11,1,30.0,5.0,10.0,1.0,1.0,1.0,False,False,False,1.0
11,2,30.0,2.0,10.0,1.0,1.0,1.0,False,False,False,2.0
11,3,30.0,1.0,5.0,1.0,1.0,1.0,False,False,False,3.0
11,4,30.0,1.0,4.0,1.0,1.0,1.0,False,False,False,4.0
11,5,30.0,2.0,3.0,1.0,1.0,1.0,False,False,False,5.0
11,6,30.0,1.0,2.0,1.0,4.0,1.0,False,False,False,6.0
11,7,26.0,1.0,1.0,10.0,4.0,0.9539382352570078,False,False,False,7.0
11,8,21.0,10.0,1.0,10.0,4.0,0.9000050568533211,False,False,False,8.0
11,9,8.0,10.0,1.0,10.0,,0.2053217972301175,True,False,True,9.0
12,0,30.0,10.0,10.0,1.0,1.0,0.0,False,False,False,0.0
12,1,30.0,6.0,9.0,1.0,1.0,1.0,False,False,False,1.0
12,2,30.0,3.0,6.0,1.0,1.0,1.0,False,False,False,2.0
12,3,30.0,2.0,5.0,1.0,1.0,1.0,False,False,False,3.0
12,4,30.0,1.0,4.0,1.0,1.0,1.0,False,False,False,4.0
12,5,30.0,1.0,3.0,1.0,1.0,1.0,False,False,False,5.0
12,6,30.0,2.0,2.0,1.0,4.0,1.0,False,False,False,6.0
12,7,26.0,10.0,1.0,1.0,4.0,0.8317899416464315,False,False,False,7.0
12,8,21.0,10.0,1.0,1.0,,0.19958110570008045,True,False,True,8.0
13,0,30.0,10.0,10.0,1.0,1.0,0.0,False,False,False,0.0
13,1,30.0,6.0,10.0,1.0,1.0,1.0,False,False,False,1.0
13,2,30.0,3.0,7.0,1.0,1.0,1.0,False,False,False,2.0
13,3,30.0,2.0,5.0,1.0,1.0,1.0,False,False,False,3.0
13,4,30.0,1.0,4.0,1.0,1.0,1.0,False,False,False,4.0
13,5,30.0,1.0,3.0,1.0,1.0,1.0,False,False,False,5.0
13,6,30.0,2.0,2.0,1.0,4.0,1.0,False,False,False,6.0
13,7,26.0,10.0,1.0,1.0,4.0,0.8317899416464315,False,False,False,7.0
13,8,21.0,10.0,10.0,1.0,1.0,0.7551366612556359,False,False,False,8.0
13,9,20.0,10.0,10.0,1.0,1.0,0.7211806647990264,False,False,False,9.0
13,10,20.0,10.0,10.0,10.0,1.0,0.8892135119934819,False,False,False,10.0
13,11,20.0,10.0,10.0,1.0,1.0,0.8889443631581516,False,False,False,11.0
13,12,20.0,10.0,10.0,1.0,1.0,0.8888983687888303,False,False,False,12.0
13,13,20.0,10.0,10.0,1.0,1.0,0.8888905088922543,False,False,False,13.0
13,14,20.0,10.0,10.0,1.0,,0.888889165728404,True,False,False,14.0
14,0,30.0,9.0,10.0,1.0,1.0,0.0,False,False,False,0.0
14,1,30.0,9.0,8.0,1.0,1.0,1.0,False,False,False,1.0
14,2,30.0,6.0,5.0,1.0,1.0,1.0,False,False,False,2.0
14,3,30.0,4.0,3.0,1.0,1.0,1.0,False,False,False,3.0
14,4,30.0,3.0,2.0,1.0,4.0,1.0,False,False,False,4.0
14,5,26.0,4.0,2.0,1.0,4.0,0.9539382352570078,False,False,False,5.0
14,6,21.0,10.0,10.0,1.0,1.0,0.9000050568533211,False,False,False,6.0
14,7,20.0,9.0,9.0,1.0,1.0,0.8907885112081384,False,False,False,7.0
14,8,20.0,10.0,1.0,10.0,4.0,0.8892135119934819,False,False,False,8.0
14,9,8.0,10.0,1.0,10.0,,0.1958077002969574,True,False,True,9.0
15,0,30.0,10.0,10.0,1.0,1.0,0.0,False,False,False,0.0
15,1,30.0,10.0,6.0,1.0,1.0,1.0,False,False,False,1.0
15,2,30.0,3.0,6.0,1.0,1.0,1.0,False,False,False,2.0
15,3,30.0,2.0,5.0,1.0,1.0,1.0,False,False,False,3.0
15,4,30.0,1.0,4.0,1.0,1.0,1.0,False,False,False,4.0
15,5,30.0,1.0,2.0,1.0,4.0,1.0,False,False,False,5.0
15,6,26.0,4.0,3.0,1.0,1.0,0.9539382352570078,False,False,False,6.0
15,7,25.0,10.0,2.0,2.0,4.0,0.823918527985737,False,False,False,7.0
15,8,21.0,10.0,10.0,1.0,1.0,0.7537915292711478,False,False,False,8.0
15,9,20.0,10.0,10.0,1.0,1.0,0.720950797568858,False,False,False,9.0
15,10,20.0,10.0,10.0,10.0,1.0,0.6914319993848909,False,False,False,10.0
15,11,20.0,10.0,10.0,1.0,1.0,0.6623123556144159,False,False,False,11.0
15,12,20.0,10.0,10.0,1.0,1.0,0.6374903495623617,False,False,False,12.0
15,13,20.0,10.0,10.0,1.0,1.0,0.6203934133848393,False,False,False,13.0
15,14,20.0,10.0,10.0,1.0,,0.6113182580756776,True,False,False,14.0
16,0,30.0,8.0,10.0,1.0,1.0,0.0,False,False,False,0.0
16,1,30.0,10.0,7.0,1.0,1.0,1.0,False,False,False,1.0
16,2,30.0,10.0,3.0,1.0,1.0,1.0,False,False,False,2.0
16,3,30.0,5.0,1.0,1.0,4.0,1.0,False,False,False,3.0
16,4,24.0,8.0,1.0,1.0,,0.3803388507235618,True,False,True,4.0
17,0,30.0,10.0,10.0,1.0,1.0,0.0,False,False,False,0.0
17,1,30.0,10.0,6.0,1.0,1.0,1.0,False,False,False,1.0
17,2,30.0,10.0,2.0,1.0,4.0,1.0,False,False,False,2.0
17,3,26.0,10.0,2.0,1.0,4.0,0.9539382352570078,False,False,False,3.0
17,4,21.0,10.0,1.0,1.0,4.0,0.9000050568533211,False,False,False,4.0
17,5,16.0,10.0,1.0,1.0,,0.29398505851777385,True,False,True,5.0
18,0,30.0,10.0,10.0,1.0,1.0,0.0,False,False,False,0.0
18,1,30.0,8.0,9.0,1.0,1.0,1.0,False,False,False,1.0
18,2,30.0,4.0,6.0,1.0,1.0,1.0,False,False,False,2.0
18,3,30.0,2.0,5.0,1.0,1.0,1.0,False,False,False,3.0
18,4,30.0,1.0,3.0,1.0,1.0,1.0,False,False,False,4.0
18,5,30.0,1.0,2.0,1.0,4.0,1.0,False,False,False,5.0
18,6,26.0,1.0,3.0,1.0,1.0,0.9539382352570078,False,False,False,6.0
18,7,25.0,10.0,2.0,2.0,4.0,0.823918527985737,False,False,False,7.0
18,8,21.0,10.0,10.0,1.0,1.0,0.7537915292711478,False,False,False,8.0
18,9,20.0,10.0,10.0,1.0,1.0,0.720950797568858,False,False,False,9.0
18,10,20.0,10.0,10.0,10.0,1.0,0.6914319993848909,False,False,False,10.0
18,11,20.0,10.0,10.0,1.0,1.0,0.6623123556144159,False,False,False,11.0
18,12,20.0,10.0,10.0,1.0,1.0,0.6374903495623617,False,False,False,12.0
18,13,20.0,10.0,10.0,1.0,1.0,0.6203934133848393,False,False,False,13.0
18,14,20.0,10.0,10.0,1.0,,0.6113182580756776,True,False,False,14.0
19,0,30.0,10.0,10.0,1.0,1.0,0.0,False,False,False,0.0
19,1,30.0,6.0,9.0,1.0,1.0,1.0,False,False,False,1.0
19,2,30.0,3.0,6.0,1.0,1.0,1.0,False,False,False,2.0
19,3,30.0,2.0,5.0,1.0,1.0,1.0,False,False,False,3.0
19,4,30.0,1.0,4.0,1.0,1.0,1.0,False,False,False,4.0
19,5,30.0,1.0,3.0,1.0,1.0,1.0,False,False,False,5.0
19,6,30.0,2.0,2.0,1.0,4.0,1.0,False,False,False,6.0
19,7,26.0,10.0,1.0,1.0,4.0,0.8317899416464315,False,False,False,7.0
19,8,21.0,10.0,10.0,1.0,1.0,0.7551366612556359,False,False,False,8.0
19,9,8.0,10.0,1.0,1.0,,0.029851140886058742,True,False,True,9.0
20,0,30.0,10.0,10.0,1.0,1.0,0.0,False,False,False,0.0
20,1,30.0,7.0,8.0,1.0,1.0,1.0,False,False,False,1.0
20,2,30.0,4.0,6.0,1.0,1.0,1.0,False,False,False,2.0
20,3,30.0,3.0,4.0,1.0,1.0,1.0,False,False,False,3.0
20,4,30.0,1.0,3.0,1.0,1.0,1.0,False,False,False,4.0
20,5,30.0,1.0,2.0,1.0,4.0,1.0,False,False,False,5.0
20,6,26.0,1.0,2.0,1.0,4.0,0.9539382352570078,False,False,False,6.0
20,7,21.0,5.0,5.0,4.0,1.0,0.7778567632427448,False,False,False,7.0
20,8,20.0,10.0,10.0,2.0,1.0,0.7459201156104533,False,False,False,8.0
20,9,20.0,10.0,10.0,1.0,1.0,0.7196056655843699,False,False,False,9.0
20,10,20.0,10.0,10.0,1.0,1.0,0.6912021321547226,False,False,False,10.0
20,11,20.0,10.0,10.0,1.0,1.0,0.6622730740092541,False,False,False,11.0
20,12,20.0,10.0,10.0,1.0,1.0,0.6374836367982023,False,False,False,12.0
20,13,20.0,10.0,10.0,1.0,1.0,0.6203922662524228,False,False,False,13.0
20,14,20.0,10.0,10.0,1.0,,0.6113180620442441,True,False,False,14.0
21,0,30.0,10.0,10.0,1.0,1.0,0.0,False,False,False,0.0
21,1,30.0,9.0,7.0,1.0,1.0,1.0,False,False,False,1.0
21,2,30.0,6.0,4.0,1.0,1.0,1.0,False,False,False,2.0
21,3,30.0,5.0,2.0,1.0,4.0,1.0,False,False,False,3.0
21,4,26.0,7.0,2.0,1.0,4.0,0.9539382352570078,False,False,False,4.0
21,5,21.0,10.0,10.0,1.0,1.0,0.9000050568533211,False,False,False,5.0
21,6,20.0,10.0,10.0,1.0,1.0,0.8907885112081384,False,False,False,6.0
21,7,20.0,10.0,10.0,1.0,1.0,0.8892135119934819,False,False,False,7.0
21,8,20.0,10.0,2.0,10.0,4.0,0.8889443631581516,False,False,False,8.0
21,9,20.0,10.0,1.0,10.0,4.0,0.8888983687888303,False,False,False,9.0
21,10,8.0,10.0,1.0,10.0,,0.19570107253414273,True,False,True,10.0
22,0,30.0,8.0,10.0,1.0,1.0,0.0,False,False,False,0.0
22,1,30.0,8.0,8.0,1.0,1.0,1.0,False,False,False,1.0
22,2,30.0,4.0,5.0,1.0,1.0,1.0,False,False,False,2.0
22,3,30.0,3.0,4.0,1.0,1.0,1.0,False,False,False,3.0
22,4,30.0,2.0,3.0,1.0,1.0,1.0,False,False,False,4.0
22,5,30.0,1.0,2.0,1.0,4.0,1.0,False,False,False,5.0
22,6,26.0,1.0,2.0,1.0,4.0,0.9539382352570078,False,False,False,6.0
22,7,21.0,10.0,1.0,10.0,4.0,0.9000050568533211,False,False,False,7.0
22,8,20.0,2.0,7.0,10.0,1.0,0.8907885112081384,False,False,False,8.0
22,9,20.0,2.0,10.0,10.0,1.0,0.8892135119934819,False,False,False,9.0
22,10,20.0,2.0,10.0,10.0,1.0,0.8889443631581516,False,False,False,10.0
22,11,20.0,1.0,10.0,1.0,1.0,0.8888983687888303,False,False,False,11.0
22,12,20.0,10.0,10.0,1.0,1.0,0.8888905088922543,False,False,False,12.0
22,13,20.0,10.0,10.0,1.0,1.0,0.888889165728404,False,False,False,13.0
22,14,20.0,10.0,10.0,1.0,,0.888888936197505,True,False,False,14.0
23,0,30.0,10.0,10.0,1.0,1.0,0.0,False,False,False,0.0
23,1,30.0,8.0,7.0,1.0,1.0,1.0,False,False,False,1.0
23,2,30.0,6.0,4.0,1.0,1.0,1.0,False,False,False,2.0
23,3,30.0,4.0,2.0,1.0,4.0,1.0,False,False,False,3.0
23,4,26.0,7.0,2.0,1.0,4.0,0.9539382352570078,False,False,False,4.0
23,5,21.0,10.0,10.0,1.0,1.0,0.9000050568533211,False,False,False,5.0
23,6,20.0,10.0,10.0,1.0,1.0,0.8907885112081384,False,False,False,6.0
23,7,20.0,10.0,10.0,1.0,1.0,0.8892135119934819,False,False,False,7.0
23,8,20.0,10.0,2.0,10.0,4.0,0.8889443631581516,False,False,False,8.0
23,9,20.0,10.0,1.0,10.0,4.0,0.8888983687888303,False,False,False,9.0
23,10,8.0,10.0,1.0,10.0,,0.2017428307910433,True,False,True,10.0
24,0,30.0,10.0,10.0,1.0,1.0,0.0,False,False,False,0.0
24,1,30.0,7.0,10.0,1.0,1.0,1.0,False,False,False,1.0
24,2,30.0,3.0,10.0,1.0,1.0,1.0,False,False,False,2.0
24,3,30.0,1.0,5.0,1.0,1.0,1.0,False,False,False,3.0
24,4,30.0,1.0,4.0,1.0,1.0,1.0,False,False,False,4.0
24,5,30.0,2.0,3.0,1.0,1.0,1.0,False,False,False,5.0
24,6,30.0,1.0,2.0,1.0,4.0,1.0,False,False,False,6.0
24,7,26.0,1.0,1.0,10.0,4.0,0.9539382352570078,False,False,False,7.0
24,8,21.0,10.0,1.0,10.0,4.0,0.9000050568533211,False,False,False,8.0
24,9,8.0,10.0,1.0,10.0,,0.2053217972301175,True,False,True,9.0
25,0,30.0,10.0,8.0,1.0,1.0,0.0,False,False,False,0.0
25,1,30.0,6.0,8.0,1.0,1.0,1.0,False,False,False,1.0
25,2,30.0,4.0,5.0,1.0,1.0,1.0,False,False,False,2.0
25,3,30.0,2.0,4.0,1.0,1.0,1.0,False,False,False,3.0
25,4,30.0,1.0,3.0,1.0,1.0,1.0,False,False,False,4.0
25,5,30.0,1.0,2.0,1.0,4.0,1.0,False,False,False,5.0
25,6,26.0,4.0,1.0,1.0,4.0,0.9539382352570078,False,False,False,6.0
25,7,21.0,10.0,1.0,10.0,,0.34444950129776547,True,False,True,7.0
26,0,30.0,10.0,10.0,1.0,1.0,0.0,False,False,False,0.0
26,1,30.0,9.0,8.0,1.0,1.0,1.0,False,False,False,1.0
26,2,30.0,4.0,5.0,1.0,1.0,1.0,False,False,False,2.0
26,3,30.0,3.0,4.0,1.0,1.0,1.0,False,False,False,3.0
26,4,30.0,2.0,3.0,1.0,1.0,1.0,False,False,False,4.0
26,5,30.0,1.0,2.0,1.0,4.0,1.0,False,False,False,5.0
26,6,26.0,1.0,2.0,1.0,4.0,0.9539382352570078,False,False,False,6.0
26,7,21.0,10.0,1.0,10.0,4.0,0.9000050568533211,False,False,False,7.0
26,8,13.0,10.0,1.0,10.0,,0.2508864279655698,True,False,True,8.0
27,0,30.0,10.0,10.0,1.0,1.0,0.0,False,False,False,0.0
27,1,30.0,8.0,8.0,1.0,1.0,1.0,False,False,False,1.0
27,2,30.0,5.0,4.0,1.0,1.0,1.0,False,False,False,2.0
27,3,30.0,4.0,3.0,1.0,1.0,1.0,False,False,False,3.0
27,4,30.0,3.0,1.0,1.0,4.0,1.0,False,False,False,4.0
27,5,26.0,4.0,1.0,1.0,4.0,0.9539382352570078,False,False,False,5.0
27,6,15.0,10.0,1.0,1.0,,0.28268638170928434,True,False,True,6.0
28,0,30.0,10.0,7.0,1.0,1.0,0.0,False,False,False,0.0
28,1,30.0,5.0,10.0,1.0,1.0,1.0,False,False,False,1.0
28,2,30.0,3.0,7.0,1.0,1.0,1.0,False,False,False,2.0
28,3,30.0,2.0,5.0,1.0,1.0,1.0,False,False,False,3.0
28,4,30.0,1.0,4.0,1.0,1.0,1.0,False,False,False,4.0
28,5,30.0,1.0,3.0,1.0,1.0,1.0,False,False,False,5.0
28,6,30.0,2.0,2.0,1.0,4.0,1.0,False,False,False,6.0
28,7,26.0,10.0,1.0,1.0,4.0,0.8317899416464315,False,False,False,7.0
28,8,21.0,10.0,10.0,1.0,1.0,0.7551366612556359,False,False,False,8.0
28,9,20.0,10.0,10.0,1.0,1.0,0.7211806647990264,False,False,False,9.0
28,10,20.0,10.0,10.0,10.0,1.0,0.8892135119934819,False,False,False,10.0
28,11,20.0,10.0,10.0,1.0,1.0,0.8889443631581516,False,False,False,11.0
28,12,20.0,10.0,10.0,1.0,1.0,0.8888983687888303,False,False,False,12.0
28,13,20.0,10.0,10.0,1.0,1.0,0.8888905088922543,False,False,False,13.0
28,14,20.0,10.0,10.0,1.0,,0.888889165728404,True,False,False,14.0
29,0,30.0,10.0,10.0,1.0,1.0,0.0,False,False,False,0.0
29,1,30.0,6.0,9.0,1.0,1.0,1.0,False,False,False,1.0
29,2,30.0,3.0,6.0,1.0,1.0,1.0,False,False,False,2.0
29,3,30.0,2.0,4.0,1.0,1.0,1.0,False,False,False,3.0
29,4,30.0,1.0,3.0,1.0,1.0,1.0,False,False,False,4.0
29,5,30.0,1.0,2.0,1.0,4.0,1.0,False,False,False,5.0
29,6,26.0,4.0,2.0,1.0,4.0,0.9539382352570078,False,False,False,6.0
29,7,21.0,10.0,10.0,4.0,1.0,0.7778567632427448,False,False,False,7.0
29,8,20.0,10.0,10.0,2.0,1.0,0.7459201156104533,False,False,False,8.0
29,9,20.0,10.0,10.0,1.0,1.0,0.7196056655843699,False,False,False,9.0
29,10,20.0,10.0,10.0,1.0,1.0,0.6912021321547226,False,False,False,10.0
29,11,20.0,10.0,10.0,1.0,1.0,0.6622730740092541,False,False,False,11.0
29,12,20.0,10.0,10.0,1.0,1.0,0.6374836367982023,False,False,False,12.0
29,13,20.0,10.0,10.0,1.0,1.0,0.6203922662524228,False,False,False,13.0
29,14,20.0,10.0,10.0,1.0,,0.6113180620442441,True,False,False,14.0
30,0,30.0,10.0,10.0,1.0,1.0,0.0,False,False,False,0.0
30,1,30.0,8.0,10.0,1.0,1.0,1.0,False,False,False,1.0
30,2,30.0,3.0,10.0,1.0,1.0,1.0,False,False,False,2.0
30,3,30.0,1.0,5.0,1.0,1.0,1.0,False,False,False,3.0
30,4,30.0,1.0,4.0,1.0,1.0,1.0,False,False,False,4.0
30,5,30.0,2.0,3.0,1.0,1.0,1.0,False,False,False,5.0
30,6,30.0,1.0,2.0,1.0,4.0,1.0,False,False,False,6.0
30,7,26.0,1.0,1.0,10.0,4.0,0.9539382352570078,False,False,False,7.0
30,8,21.0,10.0,1.0,10.0,4.0,0.9000050568533211,False,False,False,8.0
30,9,8.0,10.0,1.0,10.0,,0.2053217972301175,True,False,True,9.0
31,0,30.0,10.0,10.0,1.0,1.0,0.0,False,False,False,0.0
31,1,30.0,7.0,8.0,1.0,1.0,1.0,False,False,False,1.0
31,2,30.0,4.0,5.0,1.0,1.0,1.0,False,False,False,2.0
31,3,30.0,3.0,4.0,1.0,1.0,1.0,False,False,False,3.0
31,4,30.0,2.0,3.0,1.0,1.0,1.0,False,False,False,4.0
31,5,30.0,1.0,2.0,1.0,4.0,1.0,False,False,False,5.0
31,6,26.0,1.0,2.0,1.0,4.0,0.9539382352570078,False,False,False,6.0
31,7,21.0,2.0,1.0,2.0,4.0,0.9000050568533211,False,False,False,7.0
31,8,20.0,2.0,7.0,10.0,1.0,0.8907885112081384,False,False,False,8.0
31,9,20.0,2.0,10.0,10.0,1.0,0.8892135119934819,False,False,False,9.0
31,10,20.0,1.0,10.0,10.0,1.0,0.8889443631581516,False,False,False,10.0
31,11,20.0,10.0,10.0,1.0,1.0,0.8888983687888303,False,False,False,11.0
31,12,20.0,10.0,10.0,1.0,1.0,0.8888905088922543,False,False,False,12.0
31,13,20.0,10.0,10.0,1.0,1.0,0.888889165728404,False,False,False,13.0
31,14,20.0,10.0,10.0,1.0,,0.888888936197505,True,False,False,14.0
32,0,30.0,9.0,10.0,1.0,1.0,0.0,False,False,False,0.0
32,1,30.0,7.0,9.0,1.0,1.0,1.0,False,False,False,1.0
32,2,30.0,4.0,6.0,1.0,1.0,1.0,False,False,False,2.0
32,3,30.0,2.0,4.0,1.0,1.0,1.0,False,False,False,3.0
32,4,30.0,1.0,3.0,1.0,1.0,1.0,False,False,False,4.0
32,5,30.0,1.0,2.0,1.0,4.0,1.0,False,False,False,5.0
32,6,26.0,1.0,2.0,1.0,4.0,0.9539382352570078,False,False,False,6.0
32,7,21.0,10.0,10.0,4.0,1.0,0.7778567632427448,False,False,False,7.0
32,8,20.0,10.0,10.0,2.0,1.0,0.7459201156104533,False,False,False,8.0
32,9,20.0,10.0,10.0,1.0,1.0,0.7196056655843699,False,False,False,9.0
32,10,20.0,10.0,10.0,1.0,1.0,0.6912021321547226,False,False,False,10.0
32,11,20.0,10.0,10.0,1.0,1.0,0.6622730740092541,False,False,False,11.0
32,12,20.0,10.0,10.0,1.0,1.0,0.6374836367982023,False,False,False,12.0
32,13,20.0,10.0,10.0,1.0,1.0,0.6203922662524228,False,False,False,13.0
32,14,20.0,10.0,10.0,1.0,,0.6113180620442441,True,False,False,14.0
33,0,30.0,10.0,10.0,1.0,1.0,0.0,False,False,False,0.0
33,1,30.0,7.0,10.0,1.0,1.0,1.0,False,False,False,1.0
33,2,30.0,4.0,6.0,1.0,1.0,1.0,False,False,False,2.0
33,3,30.0,2.0,5.0,1.0,1.0,1.0,False,False,False,3.0
33,4,30.0,1.0,3.0,1.0,1.0,1.0,False,False,False,4.0
33,5,30.0,1.0,2.0,1.0,4.0,1.0,False,False,False,5.0
33,6,26.0,1.0,3.0,1.0,1.0,0.9539382352570078,False,False,False,6.0
33,7,25.0,10.0,2.0,2.0,4.0,0.823918527985737,False,False,False,7.0
33,8,21.0,10.0,10.0,1.0,1.0,0.7537915292711478,False,False,False,8.0
33,9,20.0,10.0,10.0,1.0,1.0,0.720950797568858,False,False,False,9.0
33,10,20.0,10.0,10.0,10.0,1.0,0.6914319993848909,False,False,False,10.0
33,11,20.0,10.0,10.0,1.0,1.0,0.6623123556144159,False,False,False,11.0
33,12,20.0,10.0,10.0,1.0,1.0,0.6374903495623617,False,False,False,12.0
33,13,20.0,10.0,10.0,1.0,1.0,0.6203934133848393,False,False,False,13.0
33,14,20.0,10.0,10.0,1.0,,0.6113182580756776,True,False,False,14.0
34,0,30.0,8.0,10.0,1.0,1.0,0.0,False,False,False,0.0
34,1,30.0,7.0,10.0,1.0,1.0,1.0,False,False,False,1.0
34,2,30.0,3.0,10.0,1.0,1.0,1.0,False,False,False,2.0
34,3,30.0,1.0,5.0,1.0,1.0,1.0,False,False,False,3.0
34,4,30.0,1.0,4.0,1.0,1.0,1.0,False,False,False,4.0
34,5,30.0,2.0,3.0,1.0,1.0,1.0,False,False,False,5.0
34,6,30.0,1.0,2.0,1.0,4.0,1.0,False,False,False,6.0
34,7,26.0,1.0,1.0,10.0,4.0,0.9539382352570078,False,False,False,7.0
34,8,21.0,10.0,1.0,10.0,4.0,0.9000050568533211,False,False,False,8.0
34,9,8.0,10.0,1.0,10.0,,0.2053217972301175,True,False,True,9.0
35,0,30.0,10.0,9.0,1.0,1.0,0.0,False,False,False,0.0
35,1,30.0,7.0,10.0,1.0,1.0,1.0,False,False,False,1.0
35,2,30.0,3.0,10.0,1.0,1.0,1.0,False,False,False,2.0
35,3,30.0,1.0,5.0,1.0,1.0,1.0,False,False,False,3.0
35,4,30.0,1.0,4.0,1.0,1.0,1.0,False,False,False,4.0
35,5,30.0,2.0,3.0,1.0,1.0,1.0,False,False,False,5.0
35,6,30.0,1.0,2.0,1.0,4.0,1.0,False,False,False,6.0
35,7,26.0,1.0,1.0,10.0,4.0,0.9539382352570078,False,False,False,7.0
35,8,21.0,10.0,1.0,10.0,4.0,0.9000050568533211,False,False,False,8.0
35,9,8.0,10.0,1.0,10.0,,0.2053217972301175,True,False,True,9.0
36,0,30.0,9.0,10.0,1.0,1.0,0.0,False,False,False,0.0
36,1,30.0,8.0,10.0,1.0,1.0,1.0,False,False,False,1.0
36,2,30.0,3.0,10.0,1.0,1.0,1.0,False,False,False,2.0
36,3,30.0,1.0,5.0,1.0,1.0,1.0,False,False,False,3.0
36,4,30.0,1.0,4.0,1.0,1.0,1.0,False,False,False,4.0
36,5,30.0,2.0,3.0,1.0,1.0,1.0,False,False,False,5.0
36,6,30.0,1.0,2.0,1.0,4.0,1.0,False,False,False,6.0
36,7,26.0,1.0,1.0,10.0,4.0,0.9539382352570078,False,False,False,7.0
36,8,21.0,10.0,1.0,10.0,4.0,0.9000050568533211,False,False,False,8.0
36,9,8.0,10.0,1.0,10.0,,0.2053217972301175,True,False,True,9.0
37,0,30.0,10.0,10.0,1.0,1.0,0.0,False,False,False,0.0
37,1,30.0,8.0,7.0,1.0,1.0,1.0,False,False,False,1.0
37,2,30.0,6.0,4.0,1.0,1.0,1.0,False,False,False,2.0
37,3,30.0,4.0,3.0,1.0,1.0,1.0,False,False,False,3.0
37,4,30.0,3.0,2.0,1.0,4.0,1.0,False,False,False,4.0
37,5,26.0,5.0,1.0,1.0,4.0,0.9539382352570078,False,False,False,5.0
37,6,21.0,10.0,10.0,1.0,1.0,0.9000050568533211,False,False,False,6.0
37,7,20.0,9.0,9.0,1.0,1.0,0.8907885112081384,False,False,False,7.0
37,8,13.0,10.0,1.0,10.0,,0.2584415201393032,True,False,True,8.0
38,0,30.0,10.0,10.0,1.0,1.0,0.0,False,False,False,0.0
38,1,30.0,9.0,10.0,1.0,1.0,1.0,False,False,False,1.0
38,2,30.0,3.0,10.0,1.0,1.0,1.0,False,False,False,2.0
38,3,30.0,2.0,5.0,1.0,1.0,1.0,False,False,False,3.0
38,4,30.0,1.0,4.0,1.0,1.0,1.0,False,False,False,4.0
38,5,30.0,2.0,3.0,1.0,1.0,1.0,False,False,False,5.0
38,6,30.0,1.0,2.0,1.0,4.0,1.0,False,False,False,6.0
38,7,26.0,1.0,1.0,10.0,4.0,0.9539382352570078,False,False,False,7.0
38,8,21.0,10.0,1.0,10.0,4.0,0.9000050568533211,False,False,False,8.0
38,9,8.0,10.0,1.0,10.0,,0.2053217972301175,True,False,True,9.0
39,0,30.0,10.0,10.0,1.0,1.0,0.0,False,False,False,0.0
39,1,30.0,10.0,7.0,1.0,1.0,1.0,False,False,False,1.0
39,2,30.0,10.0,3.0,1.0,1.0,1.0,False,False,False,2.0
39,3,30.0,5.0,1.0,1.0,4.0,1.0,False,False,False,3.0
39,4,24.0,8.0,1.0,1.0,,0.3803388507235618,True,False,True,4.0
40,0,30.0,10.0,10.0,1.0,1.0,0.0,False,False,False,0.0
40,1,30.0,10.0,7.0,1.0,1.0,1.0,False,False,False,1.0
40,2,30.0,10.0,3.0,1.0,1.0,1.0,False,False,False,2.0
40,3,30.0,5.0,1.0,1.0,4.0,1.0,False,False,False,3.0
40,4,24.0,8.0,1.0,1.0,,0.3803388507235618,True,False,True,4.0
41,0,30.0,10.0,10.0,1.0,1.0,0.0,False,False,False,0.0
41,1,30.0,10.0,9.0,1.0,1.0,1.0,False,False,False,1.0
41,2,30.0,10.0,3.0,1.0,1.0,1.0,False,False,False,2.0
41,3,30.0,5.0,2.0,1.0,4.0,1.0,False,False,False,3.0
41,4,26.0,8.0,1.0,1.0,4.0,0.9539382352570078,False,False,False,4.0
41,5,14.0,10.0,1.0,1.0,,0.26385503323833703,True,False,True,5.0
42,0,30.0,10.0,9.0,1.0,1.0,0.0,False,False,False,0.0
42,1,30.0,9.0,7.0,1.0,1.0,1.0,False,False,False,1.0
42,2,30.0,6.0,4.0,1.0,1.0,1.0,False,False,False,2.0
42,3,30.0,4.0,3.0,1.0,1.0,1.0,False,False,False,3.0
42,4,30.0,3.0,2.0,1.0,4.0,1.0,False,False,False,4.0
42,5,26.0,5.0,1.0,1.0,4.0,0.9539382352570078,False,False,False,5.0
42,6,21.0,10.0,10.0,1.0,1.0,0.9000050568533211,False,False,False,6.0
42,7,9.0,10.0,1.0,1.0,,0.21162470085801904,True,False,True,7.0
43,0,30.0,10.0,10.0,1.0,1.0,0.0,False,False,False,0.0
43,1,30.0,10.0,7.0,1.0,1.0,1.0,False,False,False,1.0
43,2,30.0,4.0,5.0,1.0,1.0,1.0,False,False,False,2.0
43,3,30.0,3.0,4.0,1.0,1.0,1.0,False,False,False,3.0
43,4,30.0,2.0,3.0,1.0,1.0,1.0,False,False,False,4.0
43,5,30.0,1.0,2.0,1.0,4.0,1.0,False,False,False,5.0
43,6,26.0,2.0,1.0,1.0,4.0,0.9539382352570078,False,False,False,6.0
43,7,21.0,10.0,1.0,10.0,4.0,0.9000050568533211,False,False,False,7.0
43,8,8.0,10.0,1.0,10.0,,0.1994589872951707,True,False,True,8.0
44,0,30.0,10.0,10.0,1.0,1.0,0.0,False,False,False,0.0
44,1,30.0,7.0,8.0,1.0,1.0,1.0,False,False,False,1.0
44,2,30.0,4.0,6.0,1.0,1.0,1.0,False,False,False,2.0
44,3,30.0,3.0,4.0,1.0,1.0,1.0,False,False,False,3.0
44,4,30.0,2.0,3.0,1.0,1.0,1.0,False,False,False,4.0
44,5,30.0,1.0,2.0,1.0,4.0,1.0,False,False,False,5.0
44,6,26.0,1.0,2.0,1.0,4.0,0.9539382352570078,False,False,False,6.0
44,7,21.0,10.0,10.0,4.0,1.0,0.7778567632427448,False,False,False,7.0
44,8,20.0,10.0,10.0,2.0,1.0,0.7459201156104533,False,False,False,8.0
44,9,20.0,10.0,10.0,1.0,1.0,0.7196056655843699,False,False,False,9.0
44,10,20.0,10.0,10.0,1.0,1.0,0.6912021321547226,False,False,False,10.0
44,11,20.0,10.0,10.0,1.0,1.0,0.6631399293462747,False,False,False,11.0
44,12,20.0,10.0,10.0,1.0,1.0,0.8888905088922543,False,False,False,12.0
44,13,20.0,10.0,10.0,1.0,1.0,0.888889165728404,False,False,False,13.0
44,14,20.0,10.0,10.0,1.0,,0.888888936197505,True,False,False,14.0
45,0,30.0,10.0,10.0,1.0,1.0,0.0,False,False,False,0.0
45,1,30.0,10.0,8.0,1.0,1.0,1.0,False,False,False,1.0
45,2,30.0,10.0,3.0,1.0,1.0,1.0,False,False,False,2.0
45,3,30.0,5.0,2.0,1.0,4.0,1.0,False,False,False,3.0
45,4,26.0,8.0,1.0,1.0,4.0,0.9539382352570078,False,False,False,4.0
45,5,12.0,10.0,1.0,1.0,,0.24068747188006667,True,False,True,5.0
46,0,30.0,10.0,10.0,1.0,1.0,0.0,False,False,False,0.0
46,1,30.0,10.0,8.0,1.0,1.0,1.0,False,False,False,1.0
46,2,30.0,4.0,5.0,1.0,1.0,1.0,False,False,False,2.0
46,3,30.0,3.0,4.0,1.0,1.0,1.0,False,False,False,3.0
46,4,30.0,2.0,3.0,1.0,1.0,1.0,False,False,False,4.0
46,5,30.0,1.0,2.0,1.0,4.0,1.0,False,False,False,5.0
46,6,26.0,1.0,1.0,1.0,4.0,0.9539382352570078,False,False,False,6.0
46,7,21.0,10.0,1.0,10.0,4.0,0.9000050568533211,False,False,False,7.0
46,8,10.0,10.0,1.0,10.0,,0.22567469020117956,True,False,True,8.0
47,0,30.0,10.0,10.0,1.0,1.0,0.0,False,False,False,0.0
47,1,30.0,9.0,8.0,1.0,1.0,1.0,False,False,False,1.0
47,2,30.0,6.0,4.0,1.0,1.0,1.0,False,False,False,2.0
47,3,30.0,5.0,2.0,1.0,4.0,1.0,False,False,False,3.0
47,4,26.0,7.0,3.0,1.0,1.0,0.9539382352570078,False,False,False,4.0
47,5,25.0,6.0,2.0,1.0,4.0,0.9460668215963133,False,False,False,5.0
47,6,21.0,10.0,10.0,1.0,1.0,0.898659924868833,False,False,False,6.0
47,7,20.0,10.0,10.0,1.0,1.0,0.89055864397797,False,False,False,7.0
47,8,20.0,1.0,10.0,10.0,1.0,0.88917423038832,False,False,False,8.0
47,9,20.0,1.0,10.0,10.0,1.0,0.8889376503939922,False,False,False,9.0
47,10,20.0,1.0,10.0,10.0,1.0,0.8888972216564137,False,False,False,10.0
47,11,20.0,10.0,10.0,10.0,1.0,0.8888903128608208,False,False,False,11.0
47,12,20.0,10.0,10.0,1.0,1.0,0.8888891322289385,False,False,False,12.0
47,13,20.0,10.0,10.0,1.0,1.0,0.8888889304728402,False,False,False,13.0
47,14,20.0,10.0,10.0,1.0,1.0,0.888888895995097,False,False,False,14.0
47,15,20.0,10.0,10.0,1.0,,0.8888888901032561,True,False,False,15.0
48,0,30.0,10.0,10.0,1.0,1.0,0.0,False,False,False,0.0
48,1,30.0,8.0,10.0,1.0,1.0,1.0,False,False,False,1.0
48,2,30.0,3.0,10.0,1.0,1.0,1.0,False,False,False,2.0
48,3,30.0,2.0,5.0,1.0,1.0,1.0,False,False,False,3.0
48,4,30.0,1.0,4.0,1.0,1.0,1.0,False,False,False,4.0
48,5,30.0,2.0,3.0,1.0,1.0,1.0,False,False,False,5.0
48,6,30.0,1.0,2.0,1.0,4.0,1.0,False,False,False,6.0
48,7,26.0,1.0,1.0,10.0,4.0,0.9539382352570078,False,False,False,7.0
48,8,21.0,10.0,1.0,10.0,4.0,0.9000050568533211,False,False,False,8.0
48,9,8.0,10.0,1.0,10.0,,0.2053217972301175,True,False,True,9.0
49,0,30.0,10.0,7.0,1.0,1.0,0.0,False,False,False,0.0
49,1,30.0,8.0,10.0,1.0,1.0,1.0,False,False,False,1.0
49,2,30.0,3.0,10.0,1.0,1.0,1.0,False,False,False,2.0
49,3,30.0,1.0,5.0,1.0,1.0,1.0,False,False,False,3.0
49,4,30.0,1.0,4.0,1.0,1.0,1.0,False,False,False,4.0
49,5,30.0,2.0,3.0,1.0,1.0,1.0,False,False,False,5.0
49,6,30.0,1.0,2.0,1.0,4.0,1.0,False,False,False,6.0
49,7,26.0,1.0,1.0,10.0,4.0,0.9539382352570078,False,False,False,7.0
49,8,21.0,10.0,1.0,10.0,4.0,0.9000050568533211,False,False,False,8.0
49,9,8.0,10.0,1.0,10.0,,0.2053217972301175,True,False,True,9.0
50,0,30.0,10.0,10.0,1.0,1.0,0.0,False,False,False,0.0
50,1,30.0,10.0,7.0,1.0,1.0,1.0,False,False,False,1.0
50,2,30.0,10.0,3.0,1.0,1.0,1.0,False,False,False,2.0
50,3,30.0,5.0,2.0,1.0,4.0,1.0,False,False,False,3.0
50,4,26.0,8.0,1.0,1.0,4.0,0.9539382352570078,False,False,False,4.0
50,5,12.0,10.0,1.0,1.0,,0.24778732309360882,True,False,True,5.0
51,0,30.0,10.0,9.0,1.0,1.0,0.0,False,False,False,0.0
51,1,30.0,8.0,8.0,1.0,1.0,1.0,False,False,False,1.0
51,2,30.0,6.0,4.0,1.0,1.0,1.0,False,False,False,2.0
51,3,30.0,4.0,2.0,1.0,4.0,1.0,False,False,False,3.0
51,4,26.0,6.0,3.0,1.0,1.0,0.9539382352570078,False,False,False,4.0
51,5,25.0,5.0,2.0,1.0,4.0,0.9460668215963133,False,False,False,5.0
51,6,21.0,10.0,10.0,1.0,1.0,0.898659924868833,False,False,False,6.0
51,7,20.0,10.0,10.0,1.0,1.0,0.89055864397797,False,False,False,7.0
51,8,20.0,10.0,1.0,10.0,4.0,0.88917423038832,False,False,False,8.0
51,9,10.0,10.0,1.0,10.0,,0.2226598329661041,True,False,True,9.0
52,0,30.0,10.0,10.0,1.0,1.0,0.0,False,False,False,0.0
52,1,30.0,10.0,6.0,1.0,1.0,1.0,False,False,False,1.0
52,2,30.0,10.0,2.0,1.0,4.0,1.0,False,False,False,2.0
52,3,26.0,10.0,2.0,1.0,4.0,0.9539382352570078,False,False,False,3.0
52,4,21.0,10.0,2.0,1.0,4.0,0.9000050568533211,False,False,False,4.0
52,5,20.0,10.0,1.0,1.0,,0.3352329556525828,True,False,True,5.0
53,0,30.0,9.0,10.0,1.0,1.0,0.0,False,False,False,0.0
53,1,30.0,7.0,9.0,1.0,1.0,1.0,False,False,False,1.0
53,2,30.0,4.0,6.0,1.0,1.0,1.0,False,False,False,2.0
53,3,30.0,3.0,5.0,1.0,1.0,1.0,False,False,False,3.0
53,4,30.0,2.0,3.0,1.0,1.0,1.0,False,False,False,4.0
53,5,30.0,1.0,2.0,1.0,4.0,1.0,False,False,False,5.0
53,6,26.0,1.0,3.0,1.0,1.0,0.9539382352570078,False,False,False,6.0
53,7,25.0,1.0,1.0,1.0,4.0,0.823918527985737,False,False,False,7.0
53,8,21.0,10.0,10.0,1.0,1.0,0.7537915292711478,False,False,False,8.0
53,9,20.0,10.0,10.0,1.0,1.0,0.720950797568858,False,False,False,9.0
53,10,20.0,10.0,10.0,10.0,1.0,0.6914319993848909,False,False,False,10.0
53,11,20.0,10.0,10.0,1.0,1.0,0.6623123556144159,False,False,False,11.0
53,12,20.0,10.0,10.0,1.0,1.0,0.6374903495623617,False,False,False,12.0
53,13,20.0,10.0,10.0,1.0,1.0,0.6203934133848393,False,False,False,13.0
53,14,20.0,10.0,10.0,1.0,,0.6113182580756776,True,False,False,14.0
54,0,30.0,10.0,10.0,1.0,1.0,0.0,False,False,False,0.0
54,1,30.0,6.0,10.0,1.0,1.0,1.0,False,False,False,1.0
54,2,30.0,3.0,10.0,1.0,1.0,1.0,False,False,False,2.0
54,3,30.0,1.0,5.0,1.0,1.0,1.0,False,False,False,3.0
54,4,30.0,1.0,4.0,1.0,1.0,1.0,False,False,False,4.0
54,5,30.0,2.0,3.0,1.0,1.0,1.0,False,False,False,5.0
54,6,30.0,1.0,2.0,1.0,4.0,1.0,False,False,False,6.0
54,7,26.0,1.0,1.0,10.0,4.0,0.9539382352570078,False,False,False,7.0
54,8,21.0,10.0,1.0,10.0,4.0,0.9000050568533211,False,False,False,8.0
54,9,8.0,10.0,1.0,10.0,,0.2053217972301175,True,False,True,9.0
55,0,30.0,8.0,10.0,1.0,1.0,0.0,False,False,False,0.0
55,1,30.0,10.0,7.0,1.0,1.0,1.0,False,False,False,1.0
55,2,30.0,10.0,3.0,1.0,1.0,1.0,False,False,False,2.0
55,3,30.0,5.0,1.0,1.0,4.0,1.0,False,False,False,3.0
55,4,24.0,8.0,1.0,1.0,,0.3803388507235618,True,False,True,4.0
56,0,30.0,10.0,10.0,1.0,1.0,0.0,False,False,False,0.0
56,1,30.0,9.0,8.0,1.0,1.0,1.0,False,False,False,1.0
56,2,30.0,6.0,4.0,1.0,1.0,1.0,False,False,False,2.0
56,3,30.0,4.0,3.0,1.0,1.0,1.0,False,False,False,3.0
56,4,30.0,3.0,2.0,1.0,4.0,1.0,False,False,False,4.0
56,5,26.0,4.0,2.0,1.0,4.0,0.9539382352570078,False,False,False,5.0
56,6,21.0,10.0,10.0,1.0,1.0,0.9000050568533211,False,False,False,6.0
56,7,20.0,9.0,9.0,1.0,1.0,0.8907885112081384,False,False,False,7.0
56,8,16.0,10.0,1.0,10.0,,0.2921618000519071,True,False,True,8.0
57,0,30.0,10.0,10.0,1.0,1.0,0.0,False,False,False,0.0
57,1,30.0,9.0,7.0,1.0,1.0,1.0,False,False,False,1.0
57,2,30.0,6.0,4.0,1.0,1.0,1.0,False,False,False,2.0
57,3,30.0,5.0,2.0,1.0,4.0,1.0,False,False,False,3.0
57,4,26.0,7.0,3.0,1.0,1.0,0.9539382352570078,False,False,False,4.0
57,5,25.0,6.0,2.0,1.0,4.0,0.9460668215963133,False,False,False,5.0
57,6,21.0,10.0,10.0,1.0,1.0,0.898659924868833,False,False,False,6.0
57,7,20.0,10.0,10.0,1.0,1.0,0.89055864397797,False,False,False,7.0
57,8,20.0,10.0,1.0,10.0,4.0,0.88917423038832,False,False,False,8.0
57,9,9.0,10.0,1.0,10.0,,0.21523251803369792,True,False,True,9.0
58,0,30.0,10.0,10.0,1.0,1.0,0.0,False,False,False,0.0
58,1,30.0,8.0,9.0,1.0,1.0,1.0,False,False,False,1.0
58,2,30.0,4.0,6.0,1.0,1.0,1.0,False,False,False,2.0
58,3,30.0,2.0,5.0,1.0,1.0,1.0,False,False,False,3.0
58,4,30.0,1.0,4.0,1.0,1.0,1.0,False,False,False,4.0
58,5,30.0,1.0,3.0,1.0,1.0,1.0,False,False,False,5.0
58,6,30.0,2.0,1.0,1.0,4.0,1.0,False,False,False,6.0
58,7,26.0,10.0,1.0,1.0,4.0,0.8317899416464315,False,False,False,7.0
58,8,15.0,10.0,1.0,1.0,,0.13781798611159923,True,False,True,8.0
59,0,30.0,10.0,10.0,1.0,1.0,0.0,False,False,False,0.0
59,1,30.0,10.0,6.0,1.0,1.0,1.0,False,False,False,1.0
59,2,30.0,10.0,2.0,1.0,4.0,1.0,False,False,False,2.0
59,3,26.0,10.0,2.0,1.0,4.0,0.9539382352570078,False,False,False,3.0
59,4,21.0,10.0,2.0,1.0,4.0,0.9000050568533211,False,False,False,4.0
59,5,20.0,10.0,1.0,1.0,4.0,0.8907885112081384,False,False,False,5.0
59,6,11.0,10.0,1.0,1.0,,0.23104609505854246,True,False,True,6.0
60,0,30.0,10.0,7.0,1.0,1.0,0.0,False,False,False,0.0
60,1,30.0,7.0,10.0,1.0,1.0,1.0,False,False,False,1.0
60,2,30.0,4.0,10.0,1.0,1.0,1.0,False,False,False,2.0
60,3,30.0,2.0,5.0,1.0,1.0,1.0,False,False,False,3.0
60,4,30.0,1.0,4.0,1.0,1.0,1.0,False,False,False,4.0
60,5,30.0,2.0,3.0,1.0,1.0,1.0,False,False,False,5.0
60,6,30.0,1.0,2.0,1.0,4.0,1.0,False,False,False,6.0
60,7,26.0,1.0,1.0,10.0,4.0,0.9539382352570078,False,False,False,7.0
60,8,21.0,10.0,1.0,10.0,4.0,0.9000050568533211,False,False,False,8.0
60,9,8.0,10.0,1.0,10.0,,0.2053217972301175,True,False,True,9.0
61,0,30.0,10.0,7.0,1.0,1.0,0.0,False,False,False,0.0
61,1,30.0,7.0,10.0,1.0,1.0,1.0,False,False,False,1.0
61,2,30.0,3.0,10.0,1.0,1.0,1.0,False,False,False,2.0
61,3,30.0,2.0,5.0,1.0,1.0,1.0,False,False,False,3.0
61,4,30.0,1.0,4.0,1.0,1.0,1.0,False,False,False,4.0
61,5,30.0,3.0,3.0,1.0,1.0,1.0,False,False,False,5.0
61,6,30.0,2.0,2.0,1.0,4.0,1.0,False,False,False,6.0
61,7,26.0,1.0,1.0,10.0,4.0,0.9539382352570078,False,False,False,7.0
61,8,21.0,8.0,1.0,10.0,4.0,0.9000050568533211,False,False,False,8.0
61,9,8.0,10.0,1.0,10.0,,0.2053217972301175,True,False,True,9.0
62,0,30.0,10.0,9.0,1.0,1.0,0.0,False,False,False,0.0
62,1,30.0,10.0,7.0,1.0,1.0,1.0,False,False,False,1.0
62,2,30.0,6.0,4.0,1.0,1.0,1.0,False,False,False,2.0
62,3,30.0,5.0,2.0,1.0,4.0,1.0,False,False,False,3.0
62,4,26.0,8.0,3.0,1.0,1.0,0.9539382352570078,False,False,False,4.0
62,5,25.0,6.0,2.0,1.0,4.0,0.9460668215963133,False,False,False,5.0
62,6,21.0,10.0,10.0,1.0,1.0,0.898659924868833,False,False,False,6.0
62,7,20.0,10.0,10.0,1.0,1.0,0.89055864397797,False,False,False,7.0
62,8,20.0,10.0,1.0,10.0,4.0,0.88917423038832,False,False,False,8.0
62,9,9.0,1.0,10.0,10.0,,0.21523251803369792,True,False,True,9.0
63,0,30.0,10.0,10.0,1.0,1.0,0.0,False,False,False,0.0
63,1,30.0,9.0,7.0,1.0,1.0,1.0,False,False,False,1.0
63,2,30.0,6.0,4.0,1.0,1.0,1.0,False,False,False,2.0
63,3,30.0,5.0,2.0,1.0,4.0,1.0,False,False,False,3.0
63,4,26.0,8.0,3.0,1.0,1.0,0.9539382352570078,False,False,False,4.0
63,5,25.0,6.0,2.0,1.0,4.0,0.9460668215963133,False,False,False,5.0
63,6,21.0,10.0,10.0,1.0,1.0,0.898659924868833,False,False,False,6.0
63,7,20.0,10.0,10.0,1.0,1.0,0.89055864397797,False,False,False,7.0
63,8,20.0,10.0,1.0,10.0,4.0,0.88917423038832,False,False,False,8.0
63,9,10.0,1.0,10.0,10.0,,0.2226598329661041,True,False,True,9.0
64,0,30.0,10.0,9.0,1.0,1.0,0.0,False,False,False,0.0
64,1,30.0,8.0,8.0,1.0,1.0,1.0,False,False,False,1.0
64,2,30.0,4.0,6.0,1.0,1.0,1.0,False,False,False,2.0
64,3,30.0,3.0,4.0,1.0,1.0,1.0,False,False,False,3.0
64,4,30.0,1.0,3.0,1.0,1.0,1.0,False,False,False,4.0
64,5,30.0,1.0,2.0,1.0,4.0,1.0,False,False,False,5.0
64,6,26.0,1.0,2.0,1.0,4.0,0.9539382352570078,False,False,False,6.0
64,7,21.0,10.0,10.0,4.0,1.0,0.7778567632427448,False,False,False,7.0
64,8,20.0,10.0,10.0,2.0,1.0,0.7459201156104533,False,False,False,8.0
64,9,20.0,10.0,10.0,1.0,1.0,0.7196056655843699,False,False,False,9.0
64,10,20.0,10.0,10.0,1.0,1.0,0.6912021321547226,False,False,False,10.0
64,11,20.0,10.0,10.0,1.0,1.0,0.6622730740092541,False,False,False,11.0
64,12,20.0,10.0,10.0,1.0,1.0,0.6374836367982023,False,False,False,12.0
64,13,20.0,10.0,10.0,1.0,1.0,0.6203922662524228,False,False,False,13.0
64,14,20.0,10.0,10.0,1.0,,0.6113180620442441,True,False,False,14.0
65,0,30.0,10.0,10.0,1.0,1.0,0.0,False,False,False,0.0
65,1,30.0,8.0,10.0,1.0,1.0,1.0,False,False,False,1.0
65,2,30.0,3.0,10.0,1.0,1.0,1.0,False,False,False,2.0
65,3,30.0,1.0,5.0,1.0,1.0,1.0,False,False,False,3.0
65,4,30.0,1.0,4.0,1.0,1.0,1.0,False,False,False,4.0
65,5,30.0,2.0,3.0,1.0,1.0,1.0,False,False,False,5.0
65,6,30.0,1.0,2.0,1.0,4.0,1.0,False,False,False,6.0
65,7,26.0,1.0,1.0,10.0,4.0,0.9539382352570078,False,False,False,7.0
65,8,21.0,10.0,1.0,10.0,4.0,0.9000050568533211,False,False,False,8.0
65,9,8.0,10.0,1.0,10.0,,0.2053217972301175,True,False,True,9.0
66,0,30.0,10.0,10.0,1.0,1.0,0.0,False,False,False,0.0
66,1,30.0,10.0,7.0,1.0,1.0,1.0,False,False,False,1.0
66,2,30.0,10.0,3.0,1.0,1.0,1.0,False,False,False,2.0
66,3,30.0,5.0,1.0,1.0,4.0,1.0,False,False,False,3.0
66,4,26.0,8.0,1.0,1.0,4.0,0.9539382352570078,False,False,False,4.0
66,5,10.0,10.0,1.0,1.0,,0.22270096862113922,True,False,True,5.0
67,0,30.0,10.0,10.0,1.0,1.0,0.0,False,False,False,0.0
67,1,30.0,7.0,8.0,1.0,1.0,1.0,False,False,False,1.0
67,2,30.0,4.0,5.0,1.0,1.0,1.0,False,False,False,2.0
67,3,30.0,2.0,4.0,1.0,1.0,1.0,False,False,False,3.0
67,4,30.0,1.0,3.0,1.0,1.0,1.0,False,False,False,4.0
67,5,30.0,1.0,2.0,1.0,4.0,1.0,False,False,False,5.0
67,6,26.0,1.0,2.0,1.0,4.0,0.9539382352570078,False,False,False,6.0
67,7,21.0,10.0,1.0,10.0,4.0,0.9000050568533211,False,False,False,7.0
67,8,20.0,1.0,7.0,10.0,1.0,0.8907885112081384,False,False,False,8.0
67,9,20.0,1.0,10.0,10.0,1.0,0.8892135119934819,False,False,False,9.0
67,10,20.0,4.0,10.0,10.0,1.0,0.8889443631581516,False,False,False,10.0
67,11,20.0,5.0,5.0,1.0,1.0,0.8888983687888303,False,False,False,11.0
67,12,20.0,7.0,10.0,1.0,1.0,0.8888905088922543,False,False,False,12.0
67,13,20.0,10.0,10.0,1.0,1.0,0.888889165728404,False,False,False,13.0
67,14,20.0,10.0,10.0,1.0,,0.888888936197505,True,False,False,14.0
68,0,30.0,10.0,10.0,1.0,1.0,0.0,False,False,False,0.0
68,1,30.0,9.0,10.0,1.0,1.0,1.0,False,False,False,1.0
68,2,30.0,3.0,10.0,1.0,1.0,1.0,False,False,False,2.0
68,3,30.0,2.0,5.0,1.0,1.0,1.0,False,False,False,3.0
68,4,30.0,1.0,4.0,1.0,1.0,1.0,False,False,False,4.0
68,5,30.0,3.0,3.0,1.0,1.0,1.0,False,False,False,5.0
68,6,30.0,2.0,2.0,1.0,4.0,1.0,False,False,False,6.0
68,7,26.0,1.0,1.0,10.0,4.0,0.9539382352570078,False,False,False,7.0
68,8,21.0,10.0,1.0,10.0,4.0,0.9000050568533211,False,False,False,8.0
68,9,8.0,10.0,1.0,10.0,,0.2053217972301175,True,False,True,9.0
69,0,30.0,10.0,10.0,1.0,1.0,0.0,False,False,False,0.0
69,1,30.0,10.0,8.0,1.0,1.0,1.0,False,False,False,1.0
69,2,30.0,6.0,4.0,1.0,1.0,1.0,False,False,False,2.0
69,3,30.0,5.0,3.0,1.0,1.0,1.0,False,False,False,3.0
69,4,30.0,3.0,2.0,1.0,4.0,1.0,False,False,False,4.0
69,5,26.0,5.0,1.0,1.0,4.0,0.9539382352570078,False,False,False,5.0
69,6,21.0,10.0,10.0,1.0,1.0,0.9000050568533211,False,False,False,6.0
69,7,20.0,9.0,9.0,1.0,1.0,0.8907885112081384,False,False,False,7.0
69,8,17.0,10.0,1.0,10.0,,0.30504925499750507,True,False,True,8.0
70,0,30.0,10.0,10.0,1.0,1.0,0.0,False,False,False,0.0
70,1,30.0,9.0,9.0,1.0,1.0,1.0,False,False,False,1.0
70,2,30.0,5.0,6.0,1.0,1.0,1.0,False,False,False,2.0
70,3,30.0,3.0,5.0,1.0,1.0,1.0,False,False,False,3.0
70,4,30.0,2.0,3.0,1.0,1.0,1.0,False,False,False,4.0
70,5,30.0,1.0,2.0,1.0,4.0,1.0,False,False,False,5.0
70,6,26.0,1.0,3.0,1.0,1.0,0.9539382352570078,False,False,False,6.0
70,7,25.0,1.0,2.0,2.0,4.0,0.823918527985737,False,False,False,7.0
70,8,21.0,10.0,10.0,1.0,1.0,0.7537915292711478,False,False,False,8.0
70,9,20.0,4.0,10.0,1.0,1.0,0.720950797568858,False,False,False,9.0
70,10,20.0,10.0,10.0,10.0,1.0,0.6914319993848909,False,False,False,10.0
70,11,20.0,10.0,10.0,1.0,1.0,0.6631792109514365,False,False,False,11.0
70,12,20.0,10.0,10.0,1.0,1.0,0.8888972216564137,False,False,False,12.0
70,13,20.0,10.0,10.0,1.0,1.0,0.8888903128608208,False,False,False,13.0
70,14,20.0,10.0,10.0,1.0,,0.8888891322289385,True,False,False,14.0
71,0,30.0,10.0,10.0,1.0,1.0,0.0,False,False,False,0.0
71,1,30.0,7.0,9.0,1.0,1.0,1.0,False,False,False,1.0
71,2,30.0,4.0,6.0,1.0,1.0,1.0,False,False,False,2.0
71,3,30.0,3.0,5.0,1.0,1.0,1.0,False,False,False,3.0
71,4,30.0,2.0,3.0,1.0,1.0,1.0,False,False,False,4.0
71,5,30.0,1.0,2.0,1.0,4.0,1.0,False,False,False,5.0
71,6,26.0,1.0,3.0,1.0,1.0,0.9539382352570078,False,False,False,6.0
71,7,25.0,10.0,2.0,2.0,4.0,0.823918527985737,False,False,False,7.0
71,8,21.0,10.0,10.0,1.0,1.0,0.7537915292711478,False,False,False,8.0
71,9,20.0,10.0,10.0,1.0,1.0,0.720950797568858,False,False,False,9.0
71,10,20.0,10.0,10.0,10.0,1.0,0.6914319993848909,False,False,False,10.0
71,11,20.0,10.0,10.0,1.0,1.0,0.6623123556144159,False,False,False,11.0
71,12,20.0,10.0,10.0,1.0,1.0,0.6374903495623617,False,False,False,12.0
71,13,20.0,10.0,10.0,1.0,1.0,0.6203934133848393,False,False,False,13.0
71,14,20.0,10.0,10.0,1.0,,0.6113182580756776,True,False,False,14.0
72,0,30.0,10.0,10.0,1.0,1.0,0.0,False,False,False,0.0
72,1,30.0,10.0,6.0,1.0,1.0,1.0,False,False,False,1.0
72,2,30.0,3.0,5.0,1.0,1.0,1.0,False,False,False,2.0
72,3,30.0,2.0,4.0,1.0,1.0,1.0,False,False,False,3.0
72,4,30.0,1.0,3.0,1.0,1.0,1.0,False,False,False,4.0
72,5,30.0,1.0,2.0,1.0,4.0,1.0,False,False,False,5.0
72,6,26.0,4.0,1.0,1.0,4.0,0.9539382352570078,False,False,False,6.0
72,7,21.0,10.0,1.0,10.0,4.0,0.9000050568533211,False,False,False,7.0
72,8,8.0,1.0,10.0,10.0,,0.1994589872951707,True,False,True,8.0
73,0,30.0,10.0,10.0,1.0,1.0,0.0,False,False,False,0.0
73,1,30.0,8.0,8.0,1.0,1.0,1.0,False,False,False,1.0
73,2,30.0,4.0,6.0,1.0,1.0,1.0,False,False,False,2.0
73,3,30.0,3.0,4.0,1.0,1.0,1.0,False,False,False,3.0
73,4,30.0,2.0,3.0,1.0,1.0,1.0,False,False,False,4.0
73,5,30.0,1.0,2.0,1.0,4.0,1.0,False,False,False,5.0
73,6,26.0,1.0,2.0,1.0,4.0,0.9539382352570078,False,False,False,6.0
73,7,21.0,10.0,10.0,4.0,1.0,0.7778567632427448,False,False,False,7.0
73,8,20.0,10.0,10.0,2.0,1.0,0.7459201156104533,False,False,False,8.0
73,9,20.0,10.0,10.0,1.0,1.0,0.7196056655843699,False,False,False,9.0
73,10,20.0,10.0,10.0,1.0,1.0,0.6912021321547226,False,False,False,10.0
73,11,20.0,10.0,10.0,1.0,1.0,0.6622730740092541,False,False,False,11.0
73,12,20.0,10.0,10.0,1.0,1.0,0.6374836367982023,False,False,False,12.0
73,13,20.0,10.0,10.0,1.0,1.0,0.6203922662524228,False,False,False,13.0
73,14,20.0,10.0,10.0,1.0,,0.6113180620442441,True,False,False,14.0
74,0,30.0,10.0,10.0,1.0,1.0,0.0,False,False,False,0.0
74,1,30.0,9.0,8.0,1.0,1.0,1.0,False,False,False,1.0
74,2,30.0,6.0,4.0,1.0,1.0,1.0,False,False,False,2.0
74,3,30.0,4.0,3.0,1.0,1.0,1.0,False,False,False,3.0
74,4,30.0,3.0,2.0,1.0,4.0,1.0,False,False,False,4.0
74,5,26.0,5.0,1.0,1.0,4.0,0.9539382352570078,False,False,False,5.0
74,6,21.0,10.0,10.0,1.0,1.0,0.9000050568533211,False,False,False,6.0
74,7,20.0,9.0,9.0,1.0,1.0,0.8907885112081384,False,False,False,7.0
74,8,15.0,10.0,1.0,10.0,,0.2801355965016904,True,False,True,8.0
75,0,30.0,7.0,10.0,1.0,1.0,0.0,False,False,False,0.0
75,1,30.0,9.0,9.0,1.0,1.0,1.0,False,False,False,1.0
75,2,30.0,5.0,6.0,1.0,1.0,1.0,False,False,False,2.0
75,3,30.0,3.0,4.0,1.0,1.0,1.0,False,False,False,3.0
75,4,30.0,2.0,3.0,1.0,1.0,1.0,False,False,False,4.0
75,5,30.0,1.0,2.0,1.0,4.0,1.0,False,False,False,5.0
75,6,26.0,1.0,2.0,1.0,4.0,0.9539382352570078,False,False,False,6.0
75,7,21.0,10.0,10.0,4.0,1.0,0.7778567632427448,False,False,False,7.0
75,8,20.0,10.0,10.0,2.0,1.0,0.7459201156104533,False,False,False,8.0
75,9,20.0,10.0,10.0,1.0,1.0,0.7196056655843699,False,False,False,9.0
75,10,20.0,10.0,10.0,1.0,1.0,0.6912021321547226,False,False,False,10.0
75,11,20.0,10.0,10.0,1.0,1.0,0.6622730740092541,False,False,False,11.0
75,12,20.0,10.0,10.0,1.0,1.0,0.6374836367982023,False,False,False,12.0
75,13,20.0,10.0,10.0,1.0,1.0,0.6203922662524228,False,False,False,13.0
75,14,20.0,10.0,10.0,1.0,,0.6113180620442441,True,False,False,14.0
76,0,30.0,8.0,10.0,1.0,1.0,0.0,False,False,False,0.0
76,1,30.0,10.0,6.0,1.0,1.0,1.0,False,False,False,1.0
76,2,30.0,10.0,3.0,1.0,1.0,1.0,False,False,False,2.0
76,3,30.0,5.0,1.0,1.0,4.0,1.0,False,False,False,3.0
76,4,26.0,8.0,1.0,1.0,4.0,0.9539382352570078,False,False,False,4.0
76,5,11.0,10.0,1.0,1.0,,0.22817629265899203,True,False,True,5.0
77,0,30.0,10.0,10.0,1.0,1.0,0.0,False,False,False,0.0
77,1,30.0,9.0,7.0,1.0,1.0,1.0,False,False,False,1.0
77,2,30.0,6.0,4.0,1.0,1.0,1.0,False,False,False,2.0
77,3,30.0,4.0,2.0,1.0,4.0,1.0,False,False,False,3.0
77,4,26.0,7.0,3.0,1.0,1.0,0.9539382352570078,False,False,False,4.0
77,5,25.0,5.0,1.0,1.0,4.0,0.9460668215963133,False,False,False,5.0
77,6,21.0,10.0,10.0,1.0,1.0,0.898659924868833,False,False,False,6.0
77,7,20.0,10.0,10.0,1.0,1.0,0.89055864397797,False,False,False,7.0
77,8,20.0,10.0,1.0,10.0,4.0,0.88917423038832,False,False,False,8.0
77,9,8.0,10.0,1.0,10.0,,0.20183172312336312,True,False,True,9.0
78,0,30.0,10.0,10.0,1.0,1.0,0.0,False,False,False,0.0
78,1,30.0,8.0,10.0,1.0,1.0,1.0,False,False,False,1.0
78,2,30.0,4.0,6.0,1.0,1.0,1.0,False,False,False,2.0
78,3,30.0,3.0,5.0,1.0,1.0,1.0,False,False,False,3.0
78,4,30.0,2.0,4.0,1.0,1.0,1.0,False,False,False,4.0
78,5,30.0,1.0,3.0,1.0,1.0,1.0,False,False,False,5.0
78,6,30.0,1.0,2.0,1.0,4.0,1.0,False,False,False,6.0
78,7,26.0,10.0,1.0,1.0,4.0,0.8317899416464315,False,False,False,7.0
78,8,21.0,10.0,10.0,1.0,1.0,0.7551366612556359,False,False,False,8.0
78,9,20.0,10.0,10.0,1.0,1.0,0.7211806647990264,False,False,False,9.0
78,10,20.0,10.0,10.0,10.0,1.0,0.8892135119934819,False,False,False,10.0
78,11,20.0,10.0,10.0,1.0,1.0,0.8889443631581516,False,False,False,11.0
78,12,20.0,10.0,10.0,1.0,1.0,0.8888983687888303,False,False,False,12.0
78,13,20.0,10.0,10.0,1.0,1.0,0.8888905088922543,False,False,False,13.0
78,14,20.0,10.0,10.0,1.0,,0.888889165728404,True,False,False,14.0
79,0,30.0,10.0,10.0,1.0,1.0,0.0,False,False,False,0.0
79,1,30.0,9.0,6.0,1.0,1.0,1.0,False,False,False,1.0
79,2,30.0,6.0,3.0,1.0,1.0,1.0,False,False,False,2.0
79,3,30.0,4.0,2.0,1.0,4.0,1.0,False,False,False,3.0
79,4,26.0,6.0,2.0,1.0,4.0,0.9539382352570078,False,False,False,4.0
79,5,21.0,10.0,10.0,1.0,1.0,0.9000050568533211,False,False,False,5.0
79,6,20.0,10.0,10.0,1.0,1.0,0.8907885112081384,False,False,False,6.0
79,7,20.0,10.0,10.0,1.0,1.0,0.8892135119934819,False,False,False,7.0
79,8,20.0,10.0,1.0,10.0,4.0,0.8889443631581516,False,False,False,8.0
79,9,15.0,10.0,1.0,10.0,,0.2797525379667915,True,False,True,9.0
80,0,30.0,10.0,10.0,1.0,1.0,0.0,False,False,False,0.0
80,1,30.0,10.0,7.0,1.0,1.0,1.0,False,False,False,1.0
80,2,30.0,10.0,3.0,1.0,1.0,1.0,False,False,False,2.0
80,3,30.0,5.0,1.0,1.0,4.0,1.0,False,False,False,3.0
80,4,26.0,8.0,1.0,1.0,,0.3983826797014522,True,False,True,4.0
81,0,30.0,10.0,10.0,1.0,1.0,0.0,False,False,False,0.0
81,1,30.0,7.0,10.0,1.0,1.0,1.0,False,False,False,1.0
81,2,30.0,3.0,10.0,1.0,1.0,1.0,False,False,False,2.0
81,3,30.0,1.0,5.0,1.0,1.0,1.0,False,False,False,3.0
81,4,30.0,1.0,4.0,1.0,1.0,1.0,False,False,False,4.0
81,5,30.0,2.0,3.0,1.0,1.0,1.0,False,False,False,5.0
81,6,30.0,1.0,2.0,1.0,4.0,1.0,False,False,False,6.0
81,7,26.0,1.0,1.0,10.0,4.0,0.9539382352570078,False,False,False,7.0
81,8,21.0,4.0,1.0,10.0,2.0,0.9000050568533211,False,False,False,8.0
81,9,8.0,10.0,1.0,10.0,,0.17754401945233972,True,False,True,9.0
82,0,30.0,10.0,10.0,1.0,1.0,0.0,False,False,False,0.0
82,1,30.0,7.0,9.0,1.0,1.0,1.0,False,False,False,1.0
82,2,30.0,4.0,6.0,1.0,1.0,1.0,False,False,False,2.0
82,3,30.0,3.0,5.0,1.0,1.0,1.0,False,False,False,3.0
82,4,30.0,2.0,4.0,1.0,1.0,1.0,False,False,False,4.0
82,5,30.0,1.0,2.0,1.0,4.0,1.0,False,False,False,5.0
82,6,26.0,1.0,3.0,1.0,1.0,0.9539382352570078,False,False,False,6.0
82,7,25.0,1.0,1.0,1.0,4.0,0.823918527985737,False,False,False,7.0
82,8,21.0,10.0,10.0,1.0,1.0,0.7537915292711478,False,False,False,8.0
82,9,20.0,10.0,10.0,1.0,1.0,0.720950797568858,False,False,False,9.0
82,10,20.0,10.0,10.0,10.0,1.0,0.6914319993848909,False,False,False,10.0
82,11,20.0,10.0,10.0,1.0,1.0,0.6631792109514365,False,False,False,11.0
82,12,20.0,10.0,10.0,1.0,1.0,0.8888972216564137,False,False,False,12.0
82,13,20.0,10.0,10.0,1.0,1.0,0.8888903128608208,False,False,False,13.0
82,14,20.0,10.0,10.0,1.0,,0.8888891322289385,True,False,False,14.0
83,0,30.0,10.0,10.0,1.0,1.0,0.0,False,False,False,0.0
83,1,30.0,7.0,8.0,1.0,1.0,1.0,False,False,False,1.0
83,2,30.0,4.0,5.0,1.0,1.0,1.0,False,False,False,2.0
83,3,30.0,2.0,4.0,1.0,1.0,1.0,False,False,False,3.0
83,4,30.0,1.0,3.0,1.0,1.0,1.0,False,False,False,4.0
83,5,30.0,1.0,2.0,1.0,4.0,1.0,False,False,False,5.0
83,6,26.0,1.0,2.0,1.0,4.0,0.9539382352570078,False,False,False,6.0
83,7,21.0,10.0,1.0,10.0,4.0,0.9000050568533211,False,False,False,7.0
83,8,12.0,10.0,1.0,10.0,,0.24187991876824128,True,False,True,8.0
84,0,30.0,10.0,10.0,1.0,1.0,0.0,False,False,False,0.0
84,1,30.0,10.0,7.0,1.0,1.0,1.0,False,False,False,1.0
84,2,30.0,10.0,3.0,1.0,1.0,1.0,False,False,False,2.0
84,3,30.0,5.0,2.0,1.0,4.0,1.0,False,False,False,3.0
84,4,26.0,8.0,1.0,1.0,4.0,0.9539382352570078,False,False,False,4.0
84,5,12.0,10.0,1.0,1.0,,0.24778732309360882,True,False,True,5.0
85,0,30.0,10.0,10.0,1.0,1.0,0.0,False,False,False,0.0
85,1,30.0,8.0,9.0,1.0,1.0,1.0,False,False,False,1.0
85,2,30.0,4.0,6.0,1.0,1.0,1.0,False,False,False,2.0
85,3,30.0,3.0,4.0,1.0,1.0,1.0,False,False,False,3.0
85,4,30.0,2.0,3.0,1.0,1.0,1.0,False,False,False,4.0
85,5,30.0,1.0,2.0,1.0,4.0,1.0,False,False,False,5.0
85,6,26.0,1.0,2.0,1.0,4.0,0.9539382352570078,False,False,False,6.0
85,7,21.0,10.0,10.0,4.0,1.0,0.7778567632427448,False,False,False,7.0
85,8,20.0,10.0,10.0,2.0,1.0,0.7459201156104533,False,False,False,8.0
85,9,20.0,10.0,10.0,1.0,1.0,0.7196056655843699,False,False,False,9.0
85,10,20.0,10.0,10.0,1.0,1.0,0.6912021321547226,False,False,False,10.0
85,11,20.0,10.0,10.0,1.0,1.0,0.6622730740092541,False,False,False,11.0
85,12,20.0,10.0,10.0,1.0,1.0,0.6374836367982023,False,False,False,12.0
85,13,20.0,10.0,10.0,1.0,1.0,0.6203922662524228,False,False,False,13.0
85,14,20.0,10.0,10.0,1.0,,0.6113180620442441,True,False,False,14.0
86,0,30.0,10.0,10.0,1.0,1.0,0.0,False,False,False,0.0
86,1,30.0,10.0,6.0,1.0,1.0,1.0,False,False,False,1.0
86,2,30.0,4.0,6.0,1.0,1.0,1.0,False,False,False,2.0
86,3,30.0,2.0,4.0,1.0,1.0,1.0,False,False,False,3.0
86,4,30.0,1.0,3.0,1.0,1.0,1.0,False,False,False,4.0
86,5,30.0,1.0,2.0,1.0,4.0,1.0,False,False,False,5.0
86,6,26.0,1.0,2.0,1.0,4.0,0.9539382352570078,False,False,False,6.0
86,7,21.0,10.0,10.0,4.0,1.0,0.7778567632427448,False,False,False,7.0
86,8,20.0,10.0,10.0,2.0,1.0,0.7459201156104533,False,False,False,8.0
86,9,20.0,10.0,10.0,1.0,1.0,0.7196056655843699,False,False,False,9.0
86,10,20.0,10.0,10.0,1.0,1.0,0.6912021321547226,False,False,False,10.0
86,11,20.0,10.0,10.0,1.0,1.0,0.6622730740092541,False,False,False,11.0
86,12,20.0,10.0,10.0,1.0,1.0,0.6374836367982023,False,False,False,12.0
86,13,20.0,10.0,10.0,1.0,1.0,0.6203922662524228,False,False,False,13.0
86,14,20.0,10.0,10.0,1.0,,0.6113180620442441,True,False,False,14.0
87,0,30.0,10.0,10.0,1.0,1.0,0.0,False,False,False,0.0
87,1,30.0,10.0,7.0,1.0,1.0,1.0,False,False,False,1.0
87,2,30.0,10.0,3.0,1.0,1.0,1.0,False,False,False,2.0
87,3,30.0,5.0,1.0,1.0,4.0,1.0,False,False,False,3.0
87,4,26.0,8.0,1.0,1.0,4.0,0.9539382352570078,False,False,False,4.0
87,5,10.0,10.0,1.0,1.0,,0.21770711725574346,True,False,True,5.0
88,0,30.0,10.0,10.0,1.0,1.0,0.0,False,False,False,0.0
88,1,30.0,8.0,10.0,1.0,1.0,1.0,False,False,False,1.0
88,2,30.0,4.0,6.0,1.0,1.0,1.0,False,False,False,2.0
88,3,30.0,3.0,5.0,1.0,1.0,1.0,False,False,False,3.0
88,4,30.0,2.0,4.0,1.0,1.0,1.0,False,False,False,4.0
88,5,30.0,1.0,2.0,1.0,4.0,1.0,False,False,False,5.0
88,6,26.0,1.0,3.0,1.0,1.0,0.9539382352570078,False,False,False,6.0
88,7,25.0,10.0,2.0,2.0,4.0,0.823918527985737,False,False,False,7.0
88,8,21.0,10.0,10.0,1.0,1.0,0.7537915292711478,False,False,False,8.0
88,9,20.0,10.0,10.0,1.0,1.0,0.720950797568858,False,False,False,9.0
88,10,20.0,10.0,10.0,10.0,1.0,0.6914319993848909,False,False,False,10.0
88,11,20.0,10.0,10.0,1.0,1.0,0.6631792109514365,False,False,False,11.0
88,12,20.0,10.0,10.0,1.0,1.0,0.8888972216564137,False,False,False,12.0
88,13,20.0,10.0,10.0,1.0,1.0,0.8888903128608208,False,False,False,13.0
88,14,20.0,10.0,10.0,1.0,,0.8888891322289385,True,False,False,14.0
89,0,30.0,10.0,10.0,1.0,1.0,0.0,False,False,False,0.0
89,1,30.0,10.0,6.0,1.0,1.0,1.0,False,False,False,1.0
89,2,30.0,10.0,2.0,1.0,4.0,1.0,False,False,False,2.0
89,3,26.0,10.0,2.0,1.0,4.0,0.9539382352570078,False,False,False,3.0
89,4,21.0,10.0,2.0,1.0,4.0,0.9000050568533211,False,False,False,4.0
89,5,20.0,10.0,1.0,1.0,4.0,0.8907885112081384,False,False,False,5.0
89,6,10.0,10.0,1.0,1.0,,0.2231091824432469,True,False,True,6.0
90,0,30.0,10.0,9.0,1.0,1.0,0.0,False,False,False,0.0
90,1,30.0,8.0,9.0,1.0,1.0,1.0,False,False,False,1.0
90,2,30.0,4.0,6.0,1.0,1.0,1.0,False,False,False,2.0
90,3,30.0,3.0,5.0,1.0,1.0,1.0,False,False,False,3.0
90,4,30.0,1.0,3.0,1.0,1.0,1.0,False,False,False,4.0
90,5,30.0,1.0,2.0,1.0,4.0,1.0,False,False,False,5.0
90,6,26.0,1.0,3.0,1.0,1.0,0.9539382352570078,False,False,False,6.0
90,7,25.0,10.0,2.0,2.0,4.0,0.823918527985737,False,False,False,7.0
90,8,21.0,10.0,10.0,1.0,1.0,0.7537915292711478,False,False,False,8.0
90,9,20.0,10.0,10.0,1.0,1.0,0.720950797568858,False,False,False,9.0
90,10,20.0,10.0,10.0,10.0,1.0,0.6914319993848909,False,False,False,10.0
90,11,20.0,10.0,10.0,1.0,1.0,0.6623123556144159,False,False,False,11.0
90,12,20.0,10.0,10.0,1.0,1.0,0.6374903495623617,False,False,False,12.0
90,13,20.0,10.0,10.0,1.0,1.0,0.6203934133848393,False,False,False,13.0
90,14,20.0,10.0,10.0,1.0,,0.6113182580756776,True,False,False,14.0
91,0,30.0,10.0,10.0,1.0,1.0,0.0,False,False,False,0.0
91,1,30.0,8.0,10.0,1.0,1.0,1.0,False,False,False,1.0
91,2,30.0,4.0,7.0,1.0,1.0,1.0,False,False,False,2.0
91,3,30.0,3.0,5.0,1.0,1.0,1.0,False,False,False,3.0
91,4,30.0,1.0,4.0,1.0,1.0,1.0,False,False,False,4.0
91,5,30.0,1.0,3.0,1.0,1.0,1.0,False,False,False,5.0
91,6,30.0,2.0,2.0,1.0,4.0,1.0,False,False,False,6.0
91,7,26.0,10.0,1.0,1.0,4.0,0.8317899416464315,False,False,False,7.0
91,8,21.0,10.0,10.0,1.0,1.0,0.7551366612556359,False,False,False,8.0
91,9,20.0,10.0,10.0,1.0,1.0,0.7211806647990264,False,False,False,9.0
91,10,20.0,10.0,10.0,10.0,1.0,0.8892135119934819,False,False,False,10.0
91,11,20.0,10.0,10.0,1.0,1.0,0.8889443631581516,False,False,False,11.0
91,12,20.0,10.0,10.0,1.0,1.0,0.8888983687888303,False,False,False,12.0
91,13,20.0,10.0,10.0,1.0,1.0,0.8888905088922543,False,False,False,13.0
91,14,20.0,10.0,10.0,1.0,,0.888889165728404,True,False,False,14.0
92,0,30.0,10.0,10.0,1.0,1.0,0.0,False,False,False,0.0
92,1,30.0,8.0,6.0,1.0,1.0,1.0,False,False,False,1.0
92,2,30.0,5.0,3.0,1.0,1.0,1.0,False,False,False,2.0
92,3,30.0,4.0,2.0,1.0,4.0,1.0,False,False,False,3.0
92,4,26.0,6.0,2.0,1.0,4.0,0.9539382352570078,False,False,False,4.0
92,5,21.0,10.0,10.0,1.0,1.0,0.9000050568533211,False,False,False,5.0
92,6,20.0,10.0,10.0,1.0,1.0,0.8907885112081384,False,False,False,6.0
92,7,20.0,10.0,10.0,1.0,1.0,0.8892135119934819,False,False,False,7.0
92,8,20.0,10.0,2.0,10.0,4.0,0.8889443631581516,False,False,False,8.0
92,9,20.0,10.0,1.0,10.0,4.0,0.8888983687888303,False,False,False,9.0
92,10,8.0,10.0,1.0,10.0,,0.2017428307910433,True,False,True,10.0
93,0,30.0,10.0,10.0,1.0,1.0,0.0,False,False,False,0.0
93,1,30.0,10.0,7.0,1.0,1.0,1.0,False,False,False,1.0
93,2,30.0,4.0,6.0,1.0,1.0,1.0,False,False,False,2.0
93,3,30.0,3.0,4.0,1.0,1.0,1.0,False,False,False,3.0
93,4,30.0,1.0,3.0,1.0,1.0,1.0,False,False,False,4.0
93,5,30.0,1.0,2.0,1.0,4.0,1.0,False,False,False,5.0
93,6,26.0,1.0,2.0,1.0,4.0,0.9539382352570078,False,False,False,6.0
93,7,21.0,10.0,10.0,4.0,1.0,0.7778567632427448,False,False,False,7.0
93,8,20.0,10.0,10.0,2.0,1.0,0.7459201156104533,False,False,False,8.0
93,9,20.0,10.0,10.0,1.0,1.0,0.7196056655843699,False,False,False,9.0
93,10,20.0,10.0,10.0,1.0,1.0,0.6912021321547226,False,False,False,10.0
93,11,20.0,10.0,10.0,1.0,1.0,0.6622730740092541,False,False,False,11.0
93,12,20.0,10.0,10.0,1.0,1.0,0.6374836367982023,False,False,False,12.0
93,13,20.0,10.0,10.0,1.0,1.0,0.6203922662524228,False,False,False,13.0
93,14,20.0,10.0,10.0,1.0,,0.6113180620442441,True,False,False,14.0
94,0,30.0,10.0,9.0,1.0,1.0,0.0,False,False,False,0.0
94,1,30.0,6.0,10.0,1.0,1.0,1.0,False,False,False,1.0
94,2,30.0,2.0,10.0,1.0,1.0,1.0,False,False,False,2.0
94,3,30.0,1.0,5.0,1.0,1.0,1.0,False,False,False,3.0
94,4,30.0,1.0,4.0,1.0,1.0,1.0,False,False,False,4.0
94,5,30.0,3.0,3.0,1.0,1.0,1.0,False,False,False,5.0
94,6,30.0,2.0,2.0,1.0,4.0,1.0,False,False,False,6.0
94,7,26.0,1.0,1.0,10.0,4.0,0.9539382352570078,False,False,False,7.0
94,8,21.0,10.0,1.0,10.0,4.0,0.9000050568533211,False,False,False,8.0
94,9,8.0,10.0,1.0,10.0,,0.2053217972301175,True,False,True,9.0
95,0,30.0,10.0,10.0,1.0,1.0,0.0,False,False,False,0.0
95,1,30.0,9.0,7.0,1.0,1.0,1.0,False,False,False,1.0
95,2,30.0,6.0,4.0,1.0,1.0,1.0,False,False,False,2.0
95,3,30.0,5.0,2.0,1.0,4.0,1.0,False,False,False,3.0
95,4,26.0,8.0,3.0,1.0,1.0,0.9539382352570078,False,False,False,4.0
95,5,25.0,6.0,2.0,1.0,4.0,0.9460668215963133,False,False,False,5.0
95,6,21.0,10.0,10.0,1.0,1.0,0.898659924868833,False,False,False,6.0
95,7,20.0,10.0,10.0,1.0,1.0,0.89055864397797,False,False,False,7.0
95,8,20.0,10.0,1.0,10.0,4.0,0.88917423038832,False,False,False,8.0
95,9,9.0,1.0,10.0,10.0,,0.21523251803369792,True,False,True,9.0
96,0,30.0,10.0,10.0,1.0,1.0,0.0,False,False,False,0.0
96,1,30.0,10.0,7.0,1.0,1.0,1.0,False,False,False,1.0
96,2,30.0,10.0,3.0,1.0,1.0,1.0,False,False,False,2.0
96,3,30.0,5.0,1.0,1.0,4.0,1.0,False,False,False,3.0
96,4,26.0,8.0,1.0,1.0,4.0,0.9539382352570078,False,False,False,4.0
96,5,10.0,10.0,1.0,1.0,,0.22270096862113922,True,False,True,5.0
97,0,30.0,10.0,10.0,1.0,1.0,0.0,False,False,False,0.0
97,1,30.0,9.0,8.0,1.0,1.0,1.0,False,False,False,1.0
97,2,30.0,6.0,4.0,1.0,1.0,1.0,False,False,False,2.0
97,3,30.0,4.0,3.0,1.0,1.0,1.0,False,False,False,3.0
97,4,30.0,3.0,2.0,1.0,4.0,1.0,False,False,False,4.0
97,5,26.0,4.0,2.0,1.0,4.0,0.9539382352570078,False,False,False,5.0
97,6,21.0,10.0,10.0,1.0,1.0,0.9000050568533211,False,False,False,6.0
97,7,20.0,9.0,9.0,1.0,1.0,0.8907885112081384,False,False,False,7.0
97,8,20.0,10.0,1.0,10.0,4.0,0.8892135119934819,False,False,False,8.0
97,9,8.0,10.0,1.0,10.0,,0.1958077002969574,True,False,True,9.0
98,0,30.0,10.0,10.0,1.0,1.0,0.0,False,False,False,0.0
98,1,30.0,9.0,6.0,1.0,1.0,1.0,False,False,False,1.0
98,2,30.0,6.0,3.0,1.0,1.0,1.0,False,False,False,2.0
98,3,30.0,5.0,2.0,1.0,4.0,1.0,False,False,False,3.0
98,4,26.0,7.0,2.0,1.0,4.0,0.9539382352570078,False,False,False,4.0
98,5,21.0,10.0,10.0,1.0,1.0,0.9000050568533211,False,False,False,5.0
98,6,20.0,10.0,10.0,1.0,1.0,0.8907885112081384,False,False,False,6.0
98,7,20.0,10.0,10.0,1.0,1.0,0.8892135119934819,False,False,False,7.0
98,8,20.0,10.0,2.0,10.0,4.0,0.8889443631581516,False,False,False,8.0
98,9,20.0,2.0,10.0,10.0,1.0,0.8888983687888303,False,False,False,9.0
98,10,20.0,1.0,10.0,10.0,1.0,0.8888905088922543,False,False,False,10.0
98,11,20.0,1.0,10.0,10.0,1.0,0.888889165728404,False,False,False,11.0
98,12,20.0,10.0,10.0,1.0,1.0,0.888888936197505,False,False,False,12.0
98,13,20.0,10.0,10.0,1.0,1.0,0.8888888969733748,False,False,False,13.0
98,14,20.0,10.0,10.0,1.0,1.0,0.8888888902704324,False,False,False,14.0
98,15,20.0,10.0,10.0,1.0,,0.8888888891249783,True,False,False,15.0
99,0,30.0,10.0,10.0,1.0,1.0,0.0,False,False,False,0.0
99,1,30.0,10.0,8.0,1.0,1.0,1.0,False,False,False,1.0
99,2,30.0,10.0,3.0,1.0,1.0,1.0,False,False,False,2.0
99,3,30.0,5.0,2.0,1.0,4.0,1.0,False,False,False,3.0
99,4,26.0,8.0,1.0,1.0,4.0,0.9539382352570078,False,False,False,4.0
99,5,13.0,10.0,1.0,1.0,,0.2554969543046469,True,False,True,5.0
